Start,End,Sequence,Length,Color
30[90],33[80],CTAAAGTACGGTGTATAAGAGAGTCAGATCAT,32,#cc0000
50[83],70[71],TGCCATCTTTTCTTAGCAGCATTTTTT,27,#f7931e
23[105],24[105],CTTCTGGTCAGGCTCAAGGCGTAAACGT,28,#888888
18[37],24[42],AAATGCCAGTTTGAGGGGGATTGAGTGAGCGAATAGGA,38,#888888
10[100],3[101],CATACAGTTGTAGATTATATCAGAATGGAAGATTA,35,#888888
27[63],29[69],TAAATGCCATAAAGCTAAATCTTTCATTTGGGGCG,35,#888888
59[14],67[26],AAGGTAAAGTAATTCAAGCCGTTTTTT,27,#888888
9[60],10[49],GCGTATTAGTCTTTAATCGTAAGAATTTACA,31,#888888
52[44],45[45],TTGGGGAAGGGACAGGAGCAGTCTAGTATTAGAGA,35,#888888
10[27],15[24],CGACCAGTCACGCAGCCACCGCTGGCAAAGCGAAAGAAC,39,#888888
31[91],29[104],TTGCGGATATGCAAATTCTACTAATAGT,28,#aaaa00
43[16],65[33],AAAGGAACAACTAAGGGAAAACGGTGTACAGACGAATTACTTTTTT,46,#888888
52[34],56[31],CAATAGAAAGCAGATGAAATAAAACGATAGTT,32,#888888
20[72],23[83],GCTCATGGTCATAGCTGAACTCACTCGCACT,31,#888888
20[104],63[103],TCACGACTGTGCTGGCGCAACTTTTTT,27,#888888
24[62],27[62],CTCATTTCATGTCAATCATATGGAGAGGGTAGCTATATATTT,42,#888888
27[105],28[98],GGTGAGACAAGGCAAAGAATT,21,#888888
60[97],1[90],CTTAATTAGCCTGTTGTAAATGCTGATGTCAATAG,35,#aaaa00
20[93],23[104],TAATGTGAAATTGTTATGGGGTGCGGCACCG,31,#888888
42[48],38[42],CAACTTTTAATAATGAGGCGC,21,#888888
34[48],31[48],ACGACGAGATAGCGTCCAATAAAGATTAAGAGGAATCAGGAT,42,#888888
51[77],52[87],CCGTAATGATAACCAATAACGGAATACCGGCA,32,#888888
58[83],56[84],TCCTTATAACGCGAGGCGTTTATTTTAT,28,#888888
10[79],3[80],ACGATCTGGTTAATACAAATTATCATATCAATACA,35,#888888
22[97],17[97],TGTTGGGGCTTTCCCTAATGAACAGCTG,28,#888888
60[41],67[47],TTTCGAGGACGACGACAATAAACCGCACTTTTTT,34,#888888
3[112],5[111],TTACCTGTATACTTCTGAATATGATGGC,28,#888888
56[83],50[84],CCTGAATGAGAATAACATAAATCAGAGACAGTAGCTAGCGTT,42,#888888
14[34],9[38],GGAAGAAGTGTAGCGGTCACGTTATAATCAGC,32,#888888
60[116],61[143],CCAACGTTATACAAATTCTTATTTTTTTTTTTTTTTT,37,#1700de
61[35],60[42],TGTGATAAATAAGGGAGGCAT,21,#888888
55[21],52[14],AAATAAGGCAATAGCACCATTTTAGAGCCAGCAAAAAAGGGCTATGGTT,49,#888888
29[70],26[73],CGAGCTGCTCAGAGAATGCCTTAAT,25,#888888
22[118],17[118],TCGCCATTGCCGGAAAAGTGTCCTGGCC,28,#888888
37[42],65[54],ATAGGCTGGCTGACAATTTCATTTTTT,27,#f7931e
52[76],58[73],GAAACGCACGCAATCACAAGATTACAGACTTACCATTCTAAGCATT,46,#888888
5[28],8[16],TGAGTAAACTCGTATTAAATCCAGAGATACATCGCCATTA,40,#888888
44[83],68[71],GCAAGCCCAATAGGATAGGTGTTTTTT,27,#f7931e
61[77],60[84],TAATTACTAGAAAAGAGAATC,21,#888888
14[76],8[77],GAGCTTGTTAATGCGCCGCTAATTTTAGCGCCTGCCCTCAAT,42,#888888
24[83],27[83],ATTAAATGGTTGATAATCAGATCTAGCTGATAAATGAGTAAT,42,#888888
51[56],49[66],ATGAAACTAAGCCCAGGAAACCGAGGAAAAAGACAAATT,39,#888888
61[98],60[105],TTAGTATCATATGCGCTCAAC,21,#333333
3[70],72[63],ACCAAGTAATTATTTGCACGTACCAGAATTTTTTT,35,#f7931e
47[25],40[24],AAGCTCAAGAACCAGGCTACAACGTAGCGTATTTT,35,#888888
45[77],48[77],TATCACCTGCCTATTTCGGAAGCGTCATACATGGCCCACCAG,42,#888888
45[46],39[48],GGGAGTTTCGTGTCGTCGAGGCTTAACCTAA,31,#888888
48[34],70[29],GCAGGTCAACCGATTTGGGAAACCATTATTTTTT,34,#888888
3[60],0[56],TGCATGGAAAATAGCTTGAACGCG,24,#888888
29[21],24[31],ATTTCGCAAATGGTACCCTGTGCAAGGACTATCAGAATCGATCAAA,46,#888888
14[97],9[101],CTAAAGGCGTACTATGGTTGCAACAGGAGAGA,32,#888888
24[41],27[41],ACGCCATGAACGGTAATCGTAGAGATCTACAAAGGTAAAAAT,42,#888888
3[39],0[35],ACAATATATGAGAATCCAATATAT,24,#888888
39[70],42[76],CACTAAAGACCTGCAAAAAAAAGGCTCCGTTGCGCC,36,#888888
22[76],17[76],CGGGCCTAGGAAGAATTAATTTTTTCAC,28,#888888
34[114],33[115],TACATAACGCCAGTTCAGAAA,21,#888888
40[118],37[111],GGCCGCTTCGCTGATCGAGGTGAATTTCCGGTTTATGTATCAAACGTAA,49,#888888
0[111],64[106],GTTATATTCATAGGTCTGAGACATCAAGAAAACAAATTTCAATTTTTT,48,#888888
40[34],42[21],TAAAGACACGATCTTTCAGCGGAGTGAG,28,#888888
56[62],51[66],CGAGCGTGAAAATAGCAGCCTATTGAGTCATC,32,#888888
30[27],33[17],TAGATTTAGTTTGAAACCAGAGCGTTTTAGGG,32,#888888
31[39],36[38],AGGGCCCGAATAGACTGTAAAAACAAATCTATCAT,35,#888888
51[35],52[45],GCAAGGCGAAACAATAGCCGAACAAAGTTATT,32,#888888
57[17],56[17],ATCATTACCGCAAATAAACAGC,22,#888888
17[35],14[35],GGCGGTTAGAATAGCCCGAGAAGTCCACTATTAAAAAGGAAG,42,#888888
34[90],31[90],AGGCATAATCCCCCTCAAATGACCCTGACTATTATGTCATTT,42,#888888
2[55],64[43],CAGTACATAAATCAATAACGGTTTTTT,27,#f7931e
8[118],11[108],TAAAGCATTGAGGATGCAACAGGAAAAATTGC,32,#888888
14[44],19[45],AGAGAACGTGAATCAAATGCGTATTTCCAGTCCCC,35,#888888
10[69],14[66],GTCTGAAATAACATCGGTACGGCCGCGCACGG,32,#888888
36[48],34[49],ACTTTAACGTTAATAAAACGATTACCAG,28,#888888
0[146],0[112],TTTTTTTTTTTTTTTTAACCTCCGGCTTAGGTTGG,35,#03b6a2
40[23],42[38],TCATAATGCCACTACGACAATCATAAAGGAATTGCGAACAAC,42,#888888
34[58],39[59],CGTACTAACGATGGTTTCTTCATCTACTTAGGAGG,35,#888888
17[77],14[77],CAGTGAGTGATGGTGGTTCCGAAAACCGTCTATCACGATTTA,42,#888888
9[39],10[28],AGACTGATAGCCCTAAAAGAACCCAGTCACA,31,#888888
9[102],10[91],GCCGCTGAACCTCAAATCAAATCAGGAAATA,31,#888888
60[83],67[89],GCCATATCCTGTTTATCAACACTGTCTTTTTTTT,34,#888888
15[25],20[21],AAGTAGGGTTAACGCGCTGCCAGCGGCTAGTAGTCCGC,38,#888888
39[60],42[49],CAATAGCAACGGCTACATTTCCAGTGCTAAA,31,#888888
24[123],21[123],ATATTTAAATTGATTAAGTTGGGT,24,#888888
36[90],34[91],CCAGAACAAAGATTCATCAGTAATTACG,28,#888888
1[91],64[85],TGAATTTTACATTTAACAATTTCGCGCATTTTTT,34,#888888
42[58],68[50],TTTACGTTAGGTACCGTAACACTGTTGATATTTTTTT,37,#f7931e
45[109],39[111],CCCAGAGCCATATTCGGTTTGCGGACCAAGC,31,#888888
33[81],38[80],TGAGTAAGAGCAGGTAGGAGTAGTCAAGAACAATC,35,#888888
19[46],63[40],GGGTAGACCTTTGATAGATTAAATCCGTAATTTTTTT,37,#888888
16[121],15[122],GTCCACGCTGCCCAAATCAAG,21,#888888
52[118],56[115],CAAACGTGACTCCTAAAGTCAGGAGAATATTA,32,#888888
37[63],65[75],AAGAGTAATCTTGAAAATTGGTTTTTT,27,#f7931e
27[42],66[36],TTTTAGACCAAAAACATTATGCAATAACTTTTTT,34,#888888
5[70],10[70],GGAGCGGTTTGAGGATTTAGAGCACAGACAATAATCTCAATC,42,#888888
19[56],23[62],CTCGAATGCTCACTACAGTAT,21,#888888
25[21],28[21],ACAAGAGGTCATTGCCTGAGAGCCTTTATTTCAACAATACTT,42,#888888
38[79],41[83],CGCACACTCAAAGACAGCATCGGAATATGACAACAACC,38,#888888
0[34],2[28],TTTAGTTAATTTCAATTAATTTTCCCTTTGAGTGA,35,#888888
39[49],42[59],AACGAAACCGGAACTTTTTCACGTTGAAGGGA,32,#888888
30[62],34[59],CCATATATACCTTTCATCAAACTGCGGACCCT,32,#888888
39[102],43[87],TATGATCGTCACCCTCAACGCATAGCTTGATACCGATAAAAA,42,#888888
8[76],62[64],CATTTTTGAATGGCGTCAGTATTTTTT,27,#f7931e
42[100],68[92],ACAACCGATACCACCCTCATTTTCGGAGGTTTTTTTT,37,#888888
30[104],34[101],TTTTAAATGGCTTAGGTCTTTCTTTAAACAAA,32,#888888
48[52],70[50],CATTTAAATATACCGTCAGTCACCATTTTTT,31,#f7931e
36[69],34[70],GCTTGAGGAACAACATTATTACAACACT,28,#888888
52[107],45[108],AATGGAACCGACCCTCACTGGTAAAGTGCCCGCCA,35,#888888
23[84],24[84],CCAGCCAAAGGGCGTGGCGAAAATTCGC,28,#888888
5[112],62[106],AATTCATGCACTAACAACTAAAAAGGAATCACCTTAGCAGCATTTTTT,48,#888888
15[88],20[84],GATTCCTGTTACGGGCAGTGAGCTTTTCCTGAACGACG,38,#888888
45[88],39[90],TCAAGGGATAATCGCCCGCAGCGATCTTTGA,31,#888888
61[17],60[17],GGTTTGAAATATAAGAGAATAT,22,#888888
9[112],11[118],AATGAAACAGAGCGTAATATC,21,#888888
9[70],10[80],TTAACACACAGGAACACTTGCCTGAGTATTTG,32,#888888
32[114],31[115],TCAAAAATCAGAGCTTAATTG,21,#888888
10[37],3[38],ACCTTCTGACTTCGACACATTATCCGTAGATAGAA,35,#888888
26[72],20[73],GCCGTACCCCTTTTGTTGCTATTACCAA,28,#888888
20[83],63[82],GCCAGTGCGCCAGCATCGGTGTTTTTT,27,#f7931e
60[62],67[68],ATGTAATGTTCAGCTAATGCAAGAACGGTTTTTT,34,#888888
30[139],30[105],TTTTTTTTTTTTTTTTAATGCTGTAGCTCAACATG,35,#03b6a2
51[98],52[108],TCAAGTTATTGAGCACTGGCATGATTAAAGAA,32,#888888
27[84],29[90],GTGTAGGTTAAGCAATAAAGCAAAAGGTGGCATCA,35,#333333
36[27],33[27],CTTATGCGACGTTGGGAAGAACAAAATAGCGAGAGAATAGTA,42,#888888
51[67],52[56],GATAAAGGTGAATTATCTGACGGACCACGGA,31,#888888
2[76],64[64],AATTACCTTTTTTATTTGAATTTTTTT,27,#f7931e
28[97],20[94],AGCAAAATAAAGATCAACCGTAAAGCCCTTGTTAAAGGGGGAGTTG,46,#888888
3[81],0[77],AAATCATTTGAGAAGAGCAAATCC,24,#888888
11[109],16[108],TGGGGAGCTATTTGACGACTAAATACCATCAGTTT,35,#888888
33[28],30[28],AAATGTTAGACTTCAAATATCCCGGAAGCAAACTCGAACGAG,42,#888888
10[58],3[59],ATTATACGTGAGTATTAAGAAACCAAAACAGTGAT,35,#888888
10[90],15[87],CCTACATGAAGAACTAAAGGGCAGGGCGGAGCCCCGGGC,39,#888888
56[30],61[34],ACAGCCCAATGAACAAGCTGTCCACCAGTAACCGACCG,38,#888888
14[121],13[122],GCCGTAAAGCAGCACGTATAA,21,#888888
5[91],62[85],TCCTGATGAGCCGTCAATAGACAGTTGGATCAAACAACAGTGTTTTTT,48,#888888
9[49],10[59],ACAGAGGCCTGAGATTCTTTGATTAGTAATGG,32,#888888
43[88],65[96],GGAGTGTCGACGGATATTCATTACAGAAACATTTTTT,37,#888888
31[70],30[63],CCTTTTGCTGGAAGTTTCATT,21,#888888
45[56],48[53],AAGTATATTCTGAAACATGAACTGAATTTACCGTTCCGCCGCCAG,45,#888888
56[104],51[108],TGCACCCAAGCGCATTAGACGGAGGGTATGCC,32,#888888
56[41],51[45],ATTTGCCTTTTTGTTTAACGTAGAGCAACGGA,32,#888888
61[56],60[63],TAAGAATAAACACCCGCCAAC,21,#888888
42[75],38[63],GACATTTCTGTATAATCTCCTCCATGT,27,#888888
22[34],17[34],GGGATAGGTGCATCCCTGTCGGGGGAGA,28,#888888
14[55],9[59],CGAACGTTAACCACCACACCCCCAGAATTGAG,32,#888888
52[86],45[87],ACAACCGGAAAGAGCCGTTTTGATTGCCCCCGTAC,35,#888888
31[49],31[38],TAGAGAGACAGTTGATTCCCAATTCTGCCAAC,32,#888888
44[125],68[113],GAACCGCCACCCTCTCAGAACTTTTTT,27,#888888
58[72],61[76],CCAGAACGCGTTAACAAGGAATCA,24,#888888
60[104],67[110],AGTAGGGAGTCCTGAACAAGATAGAAACTTTTTT,34,#888888
52[55],56[52],ATAAGTTTACCAGAAATAATACAAAAATCTTT,32,#888888
23[21],24[21],CGTAACCGTCACGTCAGCTTTAATTCGC,28,#888888
0[55],1[55],AGAAAACTTTTTCATTGAAAACATAGCG,28,#888888
39[91],42[101],CCCCCAGATAAATTGCCTTTAATTGTATTTAA,32,#888888
42[37],68[29],AGTAAAGTTTTCACCAGTACAAACGGATAAGTTTTTT,37,#888888
0[76],1[76],AATCGCAAGACAAAAGATTAAGACGCTG,28,#888888
3[102],0[98],TTCAATTAATATCAAAAAACTATA,24,#57bb00
34[69],31[69],ATCATAAATCGTCATAAATATAGCAAAGCGGATTGAATTGCT,42,#888888
2[27],5[27],ATAACCTCCTTTTACATCGGGTTTCAGGTTTAACGAAAAGTT,42,#888888
45[35],48[35],TGCCGTCAGAGGCTGAGACTCCCAGAATGGAAAGCGGTTGAG,42,#888888
24[30],18[38],AATCATCAACCGAGGCAACCCGTATAAGGATCGGG,35,#888888
24[104],27[104],TAATATTCAAAAACAGGAAGAATCAATATGATATTTCAAAAG,42,#888888
29[42],26[52],CTGTTTAGCTATATGGTTGTAACCCTCATTTT,32,#888888
48[97],70[92],CACCCTCCCAGAGCCCCTTATGACAGAATTTTTT,34,#888888
3[49],5[48],ATTCGCCAAATAAAGAAATTGATTTTGC,28,#888888
16[107],20[105],GCCTTCACCGAAAGCCTCCGCTCATTCCCAG,31,#888888
17[56],14[56],CAGGGTGCAAAATCCCTTATAGACTCCAACGTCAAAAGCCGG,42,#888888
53[21],47[24],GAAAAGTAAATTCAGACATTCAGACGATATTA,32,#888888
23[63],63[61],CGGCCTCCTCTCCGTGGGAACTTTTTT,27,#f7931e
44[65],39[69],CATTAAATGAACGAGGGAAGAATA,24,#888888
14[65],19[66],GGAAGGGCGAAAATCGGGTTTTTCGCGTTGCTCGT,35,#888888
49[67],44[66],ATTACCAGAGCCAGTAACCTATTAGCCCGGAAACC,35,#888888
51[46],52[35],AACCCGACTTGAGCCATTGAGGGATCACAAT,31,#888888
34[100],39[101],AGGTGAGATTCCTGACGCCAAATCTCGCCTGCGAT,35,#888888
9[16],10[38],AAAATACCGAACGAACCACCAGTGAGAATTAACCGTTGTAATTC,44,#888888
19[67],24[63],AATTGCATGCCTGCAGGACCCGTCGGATTTCAAATCAG,38,#888888
58[41],56[42],TCATCGAAGCAAGCAAATCAGGAGCCTA,28,#888888
3[91],5[90],GAGGCGAGGTTAGAACCTACCATCATAT,28,#888888
36[111],35[115],GGCTTGCTAGGAATACCA,18,#888888
29[105],29[139],AGTAGCATTAACATCCAATTTTTTTTTTTTTTTTT,35,#1700de
56[114],59[118],GTTGGAGGTTGAGCATGAAAATAA,24,#888888
20[123],19[130],AACGCCAGGGTTCAATTCCACACAACATACG,31,#888888
58[104],56[105],CAATCAACCTCCCGACTTGCGGCTATTT,28,#888888
5[49],62[43],GGAACAAGACTTTACAAACAACTGAAAGGCGCGAAAGATAAATTTTTT,48,#888888
54[93],59[97],ATAAACAGGGAGCTACATAGCGAATAATCGGATAGATA,38,#888888
22[55],17[55],AAACGGCGACGACGGCCCGCTTGGGCGC,28,#888888
45[98],48[98],TAGTACCGTATAAACAGTTAAGATACAGGAGTGTAGAGCCAC,42,#888888
56[51],61[55],CCAATATAGAACCAAGTACAACATTTAGGCACGTTAAA,38,#888888
10[48],14[45],TTGGCAGGCAATACAGTGTTTCTGCGCGGGCG,32,#888888
37[18],40[14],ATGCCGAACTAAATACGTGAGGAA,24,#888888
48[118],70[113],AACCGCCCCTCCCTTCGGCATAGCGTCATTTTTT,34,#888888
58[62],56[63],GTATTAAAGGCTTATCCGGTAACGCTAA,28,#888888
17[98],14[98],ATTGCCCCCAGCAGGCGAAAAGGCCCACTACGTGACGGAACC,42,#888888
48[76],52[77],AACCACCCAATAATCAAAATCTATAAAA,28,#888888
51[109],54[94],TTTTTTCGGTCATAGCCCACCACCACATACATAAAGGTCAAAAGAGCTA,49,#888888
36[37],40[35],TGTCAGGCGCAGACGGTAGGCACCTGAGGAC,31,#888888
26[51],19[55],TGAAAACTAGTTTAACCAGTAACATCGACTCTACCGAG,38,#888888
9[91],10[101],CCACGCTGGCCGATTCAAACTATCGGCCCGCT,32,#888888
33[18],37[17],GGTGCTTTTGCAGTCAGGATTTTAACAG,28,#888888